Output Neuron Number,Hidden neuron number,Weight Value
0,0,-9.74082
0,1,-48.0547
0,2,119.012
1,0,11.8054
1,1,-1.89874
1,2,-39.9224
